{
  "Lucknow_Gomti_Nagar": [
    {
      "name": "Clinic Name Here",
      "address": "Complete address with area, Gomti Nagar, Lucknow - 226010",
      "timing": "9:00 AM - 8:00 PM (Mon-Sat)",
      "phone": "+91-522-XXXXXXXX",
      "specialties": ["General Medicine", "Specialty 1", "Specialty 2"],
      "fees": "₹300-500"
    }
  ],
  "Lucknow_Hazratganj": [
    {
      "name": "Clinic Name Here",
      "address": "Complete address with area, Hazratganj, Lucknow - 226001",
      "timing": "9:00 AM - 8:00 PM (Mon-Sat)",
      "phone": "+91-522-XXXXXXXX",
      "specialties": ["General Medicine", "Specialty 1", "Specialty 2"],
      "fees": "₹300-500"
    }
  ],
  "Lucknow_Indira_Nagar": [
    {
      "name": "Apollo Pharmacy",
      "address": "Near Indira Nagar Church, Polytechnic Area, Lucknow - 226016",
      "timing": "8:00 AM - 10:00 PM (All days)",
      "phone": "+91-522-XXXXXXXX",
      "specialties": ["Pharmacy", "Medical Store", "Healthcare Products"],
      "fees": "Medicine Costs"
    },
    {
      "name": "M A Medical & Surgical",
      "address": "Near Polytechnic Chauraha, Indira Nagar, Lucknow - 226016",
      "timing": "9:00 AM - 9:00 PM (All days)",
      "phone": "+91-522-XXXXXXXX",
      "specialties": ["Pharmacy", "Surgical Supplies", "Medical Equipment"],
      "fees": "Medicine Costs"
    }
  ],
  "Lucknow_Aliganj": [
    {
      "name": "BL Krishna Medical Store",
      "address": "Atif Vihar, Aashiana, Lucknow - 226012",
      "timing": "8:30 AM - 9:00 PM (All days)",
      "phone": "+91-522-XXXXXXXX",
      "specialties": ["Pharmacy", "Medical Store", "General Medicines"],
      "fees": "Medicine Costs"
    },
    {
      "name": "Vikash Medical Store",
      "address": "Uttardhona, Near Indian Oil Petrol Pump, Faizabad Road, Lucknow - 226028",
      "timing": "9:00 AM - 9:00 PM (All days)",
      "phone": "+91-522-XXXXXXXX",
      "specialties": ["Pharmacy", "Modern Medicines", "Ayurvedic Medicines"],
      "fees": "Medicine Costs"
    }
  ],
  "Lucknow_Alambagh": [
    {
      "name": "Clinic Name Here",
      "address": "Complete address with area, Alambagh, Lucknow - 226005",
      "timing": "9:00 AM - 8:00 PM (Mon-Sat)",
      "phone": "+91-522-XXXXXXXX",
      "specialties": ["General Medicine", "Specialty 1", "Specialty 2"],
      "fees": "₹300-500"
    }
  ],
  "Lucknow_Aminabad": [
    {
      "name": "Rakesh Medical Store",
      "address": "Chinhat, Faizabad Road, Lucknow - 226028",
      "timing": "24 Hours (All days)",
      "phone": "+91-522-XXXXXXXX",
      "specialties": ["Pharmacy", "24 Hour Service", "Emergency Medicines"],
      "fees": "Medicine Costs"
    },
    {
      "name": "Om Medicals",
      "address": "Near Avadh Bazaar, Chinhat, Lucknow - 226028",
      "timing": "8:00 AM - 10:00 PM (All days)",
      "phone": "+91-522-XXXXXXXX",
      "specialties": ["Pharmacy", "Medical Store", "General Medicines"],
      "fees": "Medicine Costs"
    }
  ],
  "Lucknow_Mahanagar": [
    {
      "name": "Clinic Name Here",
      "address": "Complete address with area, Mahanagar, Lucknow - 226006",
      "timing": "9:00 AM - 8:00 PM (Mon-Sat)",
      "phone": "+91-522-XXXXXXXX",
      "specialties": ["General Medicine", "Specialty 1", "Specialty 2"],
      "fees": "₹300-500"
    }
  ],
  "Lucknow_Rajajipuram": [
    {
      "name": "Clinic Name Here",
      "address": "Complete address with area, Rajajipuram, Lucknow - 226017",
      "timing": "9:00 AM - 8:00 PM (Mon-Sat)",
      "phone": "+91-522-XXXXXXXX",
      "specialties": ["General Medicine", "Specialty 1", "Specialty 2"],
      "fees": "₹300-500"
    }
  ],
  "Lucknow_Aashiana": [
    {
      "name": "BL Krishna Medical Store",
      "address": "Atif Vihar, Aashiana, Lucknow - 226012",
      "timing": "8:30 AM - 9:00 PM (All days)",
      "phone": "+91-522-XXXXXXXX",
      "specialties": ["Pharmacy", "Medical Store", "General Medicines"],
      "fees": "Medicine Costs"
    },
    {
      "name": "Vikash Medical Store",
      "address": "Uttardhona, Near Indian Oil Petrol Pump, Faizabad Road, Lucknow - 226028",
      "timing": "9:00 AM - 9:00 PM (All days)",
      "phone": "+91-522-XXXXXXXX",
      "specialties": ["Pharmacy", "Modern Medicines", "Ayurvedic Medicines"],
      "fees": "Medicine Costs"
    }
  ],
  "Lucknow_Chinhat": [
    {
      "name": "Rakesh Medical Store",
      "address": "Chinhat, Faizabad Road, Lucknow - 226028",
      "timing": "24 Hours (All days)",
      "phone": "+91-522-XXXXXXXX",
      "specialties": ["Pharmacy", "24 Hour Service", "Emergency Medicines"],
      "fees": "Medicine Costs"
    },
    {
      "name": "Om Medicals",
      "address": "Near Avadh Bazaar, Chinhat, Lucknow - 226028",
      "timing": "8:00 AM - 10:00 PM (All days)",
      "phone": "+91-522-XXXXXXXX",
      "specialties": ["Pharmacy", "Medical Store", "General Medicines"],
      "fees": "Medicine Costs"
    }
  ],
  "Lucknow_BBD_University": [
    {
      "name": "Pradhan Mantri Bhartiya Jan Aushadhi Kendra",
      "address": "Opposite BBD University, Faizabad Road, Lucknow - 226028",
      "timing": "9:00 AM - 7:00 PM (Mon-Sat)",
      "phone": "+91-522-XXXXXXXX",
      "specialties": ["Generic Medicines", "Low Cost Pharmacy", "Quality Medicines"],
      "fees": "Lower Prices"
    },
    {
      "name": "S. Sudha Pharmacy",
      "address": "Opposite BBD University, Avadh Bazaar, Lucknow - 226028",
      "timing": "8:00 AM - 9:00 PM (All days)",
      "phone": "+91-522-XXXXXXXX",
      "specialties": ["Pharmacy", "Medical Store", "General Medicines"],
      "fees": "Medicine Costs"
    },
    {
      "name": "Usha Pharmacy",
      "address": "Silver Line Apartment, BBD Avadh Bazaar, Lucknow - 226028",
      "timing": "8:00 AM - 9:00 PM (All days)",
      "phone": "+91-522-XXXXXXXX",
      "specialties": ["Pharmacy", "Medical Store", "General Medicines"],
      "fees": "Medicine Costs"
    },
    {
      "name": "Verma Medical Store",
      "address": "Silverline Road, Near BBD University, Lucknow - 226028",
      "timing": "9:00 AM - 9:00 PM (All days)",
      "phone": "+91-522-XXXXXXXX",
      "specialties": ["Pharmacy", "Medical Store", "General Medicines"],
      "fees": "Medicine Costs"
    }
  ],
  "Lucknow_Vikas_Nagar": [
    {
      "name": "Apollo Pharmacy",
      "address": "Near Indira Nagar Church, Polytechnic Area, Lucknow - 226016",
      "timing": "8:00 AM - 10:00 PM (All days)",
      "phone": "+91-522-XXXXXXXX",
      "specialties": ["Pharmacy", "Medical Store", "Healthcare Products"],
      "fees": "Medicine Costs"
    },
    {
      "name": "M A Medical & Surgical",
      "address": "Near Polytechnic Chauraha, Indira Nagar, Lucknow - 226016",
      "timing": "9:00 AM - 9:00 PM (All days)",
      "phone": "+91-522-XXXXXXXX",
      "specialties": ["Pharmacy", "Surgical Supplies", "Medical Equipment"],
      "fees": "Medicine Costs"
    }
  ],
  "Lucknow_Nirala_Nagar": [
    {
      "name": "Clinic Name Here",
      "address": "Complete address with area, Nirala Nagar, Lucknow - 226020",
      "timing": "9:00 AM - 8:00 PM (Mon-Sat)",
      "phone": "+91-522-XXXXXXXX",
      "specialties": ["General Medicine", "Specialty 1", "Specialty 2"],
      "fees": "₹300-500"
    }
  ],
  "Lucknow_Tiwariganj": [
    {
      "name": "Netmeds Pharmacy",
      "address": "Tiwari Chauraha, Near Reliance Smart Point, Tiwariganj, Lucknow - 226020",
      "timing": "9:00 AM - 9:00 PM (All days)",
      "phone": "+91-522-XXXXXXXX",
      "specialties": ["Pharmacy", "Online Pharmacy", "Healthcare Products"],
      "fees": "Medicine Costs"
    }
  ],
  "Lucknow_Daliganj": [
    {
      "name": "Clinic Name Here",
      "address": "Complete address with area, Daliganj, Lucknow - 226020",
      "timing": "9:00 AM - 8:00 PM (Mon-Sat)",
      "phone": "+91-522-XXXXXXXX",
      "specialties": ["General Medicine", "Specialty 1", "Specialty 2"],
      "fees": "₹300-500"
    }
  ],
  "Lucknow_Husainganj": [
    {
      "name": "Clinic Name Here",
      "address": "Complete address with area, Husainganj, Lucknow - 226003",
      "timing": "9:00 AM - 8:00 PM (Mon-Sat)",
      "phone": "+91-522-XXXXXXXX",
      "specialties": ["General Medicine", "Specialty 1", "Specialty 2"],
      "fees": "₹300-500"
    }
  ],
  "Lucknow_Chowk": [
    {
      "name": "Clinic Name Here",
      "address": "Complete address with area, Chowk, Lucknow - 226003",
      "timing": "9:00 AM - 8:00 PM (Mon-Sat)",
      "phone": "+91-522-XXXXXXXX",
      "specialties": ["General Medicine", "Specialty 1", "Specialty 2"],
      "fees": "₹300-500"
    }
  ],
  "Lucknow_Kaiserbagh": [
    {
      "name": "Clinic Name Here",
      "address": "Complete address with area, Kaiserbagh, Lucknow - 226001",
      "timing": "9:00 AM - 8:00 PM (Mon-Sat)",
      "phone": "+91-522-XXXXXXXX",
      "specialties": ["General Medicine", "Specialty 1", "Specialty 2"],
      "fees": "₹300-500"
    }
  ]
}
